,Date,FEIcm2,FEIcm3,FEIcm4,FEIcm5,FEIcm6,FEIcm7,FEIcm8,FEIcm9,FEIcm10,FEIcm11,FEIcm12,FEIcm13,FEIcm14,FEIcm15,FEIcm16,FEIcm17,FEIcm18,FEIcm19,Inverse of FEIcm2,Inverse of FEIcm3,Inverse of FEIcm4,Inverse of FEIcm5,Inverse of FEIcm6,Inverse of FEIcm7,Inverse of FEIcm8,Inverse of FEIcm9,Inverse of FEIcm10,Inverse of FEIcm11,Inverse of FEIcm12,Inverse of FEIcm13,Inverse of FEIcm14,Inverse of FEIcm15,Inverse of FEIcm16,Inverse of FEIcm17,Inverse of FEIcm18,Inverse of FEIcm19
0,2023-01-022023-01-032023-01-04,1.06,0.13,0.0,0.0,0.0,0.0,0.0,0.0,0.0,0.0,0.0,0.01,0.01,0.03,0.03,0.04,0.04,0.05,0.0,0.0,0.16999999999999998,0.32,0.33999999999999997,0.30000000000000004,0.24,0.11000000000000001,0.07,0.05,0.01,0.0,0.0,0.0,0.0,0.0,0.0,0.0
1,2023-01-032023-01-042023-01-05,1.0,0.13,0.0,0.0,0.0,0.0,0.0,0.0,0.0,0.0,0.0,0.01,0.02,0.03,0.03,0.04,0.04,0.06,0.0,0.0,0.16999999999999998,0.32,0.33999999999999997,0.30000000000000004,0.24,0.12,0.08,0.05,0.02,0.0,0.0,0.0,0.0,0.0,0.0,0.0
2,2023-01-042023-01-052023-01-06,0.95,0.13,0.0,0.0,0.0,0.0,0.0,0.0,0.0,0.0,0.0,0.01,0.03,0.03,0.04,0.04,0.05,0.06,0.0,0.0,0.16999999999999998,0.33,0.35,0.30000000000000004,0.24,0.12,0.08,0.04,0.01,0.0,0.0,0.0,0.0,0.0,0.0,0.0
3,2023-01-052023-01-062023-01-09,0.94,0.12,0.0,0.0,0.0,0.0,0.0,0.0,0.0,0.0,0.0,0.01,0.03,0.03,0.05,0.03,0.05,0.06,0.0,0.0,0.18,0.33999999999999997,0.35,0.30000000000000004,0.24,0.12,0.09,0.03,0.01,0.0,0.0,0.0,0.0,0.0,0.0,0.0
4,2023-01-062023-01-092023-01-10,0.9299999999999999,0.1,0.0,0.0,0.0,0.0,0.0,0.0,0.0,0.0,0.0,0.02,0.03,0.03,0.06,0.03,0.06,0.05,0.0,0.0,0.19,0.33999999999999997,0.36,0.31,0.24,0.12,0.08,0.03,0.0,0.0,0.0,0.0,0.0,0.0,0.0,0.0
5,2023-01-092023-01-102023-01-11,0.9299999999999999,0.09,0.0,0.0,0.0,0.0,0.0,0.0,0.0,0.0,0.0,0.03,0.03,0.03,0.06,0.03,0.05,0.05,0.0,0.0,0.2,0.33999999999999997,0.36,0.32,0.25,0.13,0.08,0.03,0.0,0.0,0.0,0.0,0.0,0.0,0.0,0.0
6,2023-01-102023-01-112023-01-12,0.9099999999999999,0.08,0.0,0.0,0.0,0.0,0.0,0.0,0.0,0.0,0.0,0.03,0.03,0.04,0.06,0.04,0.05,0.05,0.0,0.0,0.2,0.33,0.36,0.33,0.26,0.13,0.07,0.03,0.0,0.0,0.0,0.0,0.0,0.0,0.0,0.0
7,2023-01-112023-01-122023-01-13,0.8899999999999999,0.07,0.0,0.0,0.0,0.0,0.0,0.0,0.0,0.0,0.0,0.03,0.03,0.05,0.06,0.05,0.05,0.06,0.0,0.0,0.21000000000000002,0.33999999999999997,0.36,0.33,0.27,0.13,0.07,0.03,0.0,0.0,0.0,0.0,0.0,0.0,0.0,0.0
8,2023-01-122023-01-132023-01-16,0.86,0.06,0.0,0.0,0.0,0.0,0.0,0.0,0.0,0.0,0.0,0.03,0.04,0.06,0.06,0.06,0.06,0.06,0.0,0.0,0.21000000000000002,0.35,0.36,0.32,0.26,0.13,0.06,0.03,0.0,0.0,0.0,0.0,0.0,0.0,0.0,0.0
9,2023-01-132023-01-162023-01-17,0.8300000000000001,0.06,0.0,0.0,0.0,0.0,0.0,0.0,0.0,0.0,0.0,0.03,0.04,0.06,0.06,0.06,0.06,0.06,0.0,0.0,0.21000000000000002,0.36,0.36,0.32,0.25,0.14,0.07,0.03,0.0,0.0,0.0,0.0,0.0,0.0,0.0,0.0
10,2023-01-162023-01-172023-01-18,0.8,0.06,0.0,0.0,0.0,0.0,0.0,0.0,0.0,0.0,0.0,0.03,0.04,0.06,0.06,0.06,0.06,0.06,0.0,0.0,0.22000000000000003,0.36,0.36,0.31000000000000005,0.24,0.14,0.08,0.03,0.0,0.0,0.0,0.0,0.0,0.0,0.0,0.0
11,2023-01-172023-01-182023-01-19,0.79,0.06,0.0,0.0,0.0,0.0,0.0,0.0,0.0,0.0,0.0,0.03,0.03,0.06,0.06,0.06,0.06,0.06,0.0,0.0,0.23000000000000004,0.36,0.37,0.31000000000000005,0.23,0.13,0.09,0.04,0.0,0.0,0.0,0.0,0.0,0.0,0.0,0.0
12,2023-01-182023-01-192023-01-20,0.8200000000000001,0.06,0.0,0.0,0.0,0.0,0.0,0.0,0.0,0.0,0.0,0.03,0.03,0.06,0.06,0.06,0.06,0.06,0.0,0.0,0.23,0.35,0.38,0.30000000000000004,0.23000000000000004,0.12,0.09,0.04,0.0,0.0,0.0,0.0,0.0,0.0,0.0,0.0
13,2023-01-192023-01-202023-01-23,0.8500000000000001,0.07,0.0,0.0,0.0,0.0,0.0,0.0,0.0,0.0,0.0,0.03,0.03,0.06,0.06,0.06,0.06,0.06,0.0,0.0,0.21000000000000002,0.33999999999999997,0.39,0.31,0.23000000000000004,0.12,0.09,0.04,0.0,0.0,0.0,0.0,0.0,0.0,0.0,0.0
14,2023-01-202023-01-232023-01-24,0.86,0.08,0.0,0.0,0.0,0.0,0.0,0.0,0.0,0.0,0.0,0.03,0.03,0.06,0.06,0.06,0.06,0.06,0.0,0.0,0.19,0.32,0.39,0.32,0.24,0.12,0.08,0.04,0.0,0.0,0.0,0.0,0.0,0.0,0.0,0.0
15,2023-01-232023-01-242023-01-25,0.8500000000000001,0.1,0.0,0.0,0.0,0.0,0.0,0.0,0.0,0.0,0.0,0.03,0.03,0.06,0.06,0.06,0.06,0.06,0.0,0.0,0.19,0.31000000000000005,0.39,0.33,0.23,0.12,0.07,0.04,0.0,0.0,0.0,0.0,0.0,0.0,0.0,0.0
16,2023-01-242023-01-252023-01-26,0.8500000000000001,0.11000000000000001,0.0,0.0,0.0,0.0,0.0,0.0,0.0,0.0,0.0,0.02,0.03,0.05,0.06,0.06,0.06,0.06,0.0,0.0,0.19,0.30000000000000004,0.39,0.33,0.23000000000000004,0.12,0.07,0.05,0.0,0.0,0.0,0.0,0.0,0.0,0.0,0.0
17,2023-01-252023-01-262023-01-27,0.8700000000000001,0.12,0.0,0.0,0.0,0.0,0.0,0.0,0.0,0.0,0.0,0.02,0.03,0.05,0.06,0.06,0.06,0.06,0.0,0.0,0.19,0.30000000000000004,0.38,0.32,0.22000000000000003,0.12,0.08,0.05,0.01,0.0,0.0,0.0,0.0,0.0,0.0,0.0
18,2023-01-262023-01-272023-01-30,0.9099999999999999,0.12,0.0,0.0,0.0,0.0,0.0,0.0,0.0,0.0,0.0,0.01,0.03,0.04,0.06,0.06,0.06,0.06,0.0,0.0,0.16999999999999998,0.30000000000000004,0.37,0.31000000000000005,0.22000000000000003,0.12,0.09,0.06,0.02,0.0,0.0,0.0,0.0,0.0,0.0,0.0
19,2023-01-272023-01-302023-01-31,0.9299999999999999,0.12,0.0,0.0,0.0,0.0,0.0,0.0,0.0,0.0,0.0,0.01,0.03,0.05,0.06,0.06,0.06,0.06,0.0,0.0,0.16999999999999998,0.30000000000000004,0.36,0.30000000000000004,0.21000000000000002,0.12,0.09,0.06,0.03,0.0,0.0,0.0,0.0,0.0,0.0,0.0
20,2023-01-302023-01-312023-02-01,0.95,0.12,0.0,0.0,0.0,0.0,0.0,0.0,0.0,0.0,0.0,0.0,0.03,0.04,0.06,0.06,0.06,0.05,0.0,0.0,0.16999999999999998,0.30000000000000004,0.37,0.30000000000000004,0.21000000000000002,0.12,0.09,0.06,0.03,0.0,0.0,0.0,0.0,0.0,0.0,0.0
21,2023-01-312023-02-012023-02-02,0.89,0.1,0.0,0.0,0.0,0.0,0.0,0.0,0.0,0.0,0.0,0.01,0.04,0.05,0.06,0.06,0.06,0.05,0.0,0.0,0.19,0.31,0.39,0.31,0.22000000000000003,0.12,0.09,0.06,0.03,0.0,0.0,0.0,0.0,0.0,0.0,0.0
22,2023-02-012023-02-022023-02-03,0.8500000000000001,0.09,0.0,0.0,0.0,0.0,0.0,0.0,0.0,0.0,0.0,0.02,0.04,0.05,0.06,0.06,0.06,0.05,0.0,0.0,0.2,0.33,0.41000000000000003,0.32,0.22000000000000003,0.11,0.08,0.05,0.02,0.0,0.0,0.0,0.0,0.0,0.0,0.0
23,2023-02-022023-02-032023-02-06,0.8400000000000001,0.08,0.0,0.0,0.0,0.0,0.0,0.0,0.0,0.0,0.0,0.03,0.04,0.06,0.06,0.06,0.06,0.06,0.0,0.0,0.2,0.33999999999999997,0.41000000000000003,0.32,0.22000000000000003,0.1,0.07,0.04,0.02,0.0,0.0,0.0,0.0,0.0,0.0,0.0
24,2023-02-032023-02-062023-02-07,0.9000000000000001,0.1,0.0,0.0,0.0,0.0,0.0,0.0,0.0,0.0,0.0,0.03,0.03,0.06,0.06,0.06,0.06,0.06,0.0,0.0,0.19,0.33999999999999997,0.4,0.31000000000000005,0.21000000000000002,0.1,0.07,0.03,0.02,0.0,0.0,0.0,0.0,0.0,0.0,0.0
25,2023-02-062023-02-072023-02-08,0.96,0.11000000000000001,0.0,0.0,0.0,0.0,0.0,0.0,0.0,0.0,0.0,0.02,0.03,0.05,0.06,0.06,0.05,0.05,0.0,0.0,0.18,0.33,0.39,0.30000000000000004,0.21000000000000002,0.1,0.08,0.04,0.02,0.0,0.0,0.0,0.0,0.0,0.0,0.0
26,2023-02-072023-02-082023-02-09,0.97,0.12,0.0,0.0,0.0,0.0,0.0,0.0,0.0,0.0,0.0,0.01,0.03,0.04,0.06,0.06,0.04,0.04,0.0,0.0,0.18,0.33,0.39,0.30000000000000004,0.21000000000000002,0.11000000000000001,0.09,0.05,0.02,0.0,0.0,0.0,0.0,0.0,0.0,0.0
27,2023-02-082023-02-092023-02-10,0.98,0.13,0.0,0.0,0.0,0.0,0.0,0.0,0.0,0.0,0.0,0.0,0.02,0.03,0.05,0.05,0.03,0.03,0.0,0.0,0.16999999999999998,0.33,0.39,0.30000000000000004,0.22000000000000003,0.11000000000000001,0.09,0.06,0.02,0.0,0.0,0.0,0.0,0.0,0.0,0.0
28,2023-02-092023-02-102023-02-13,0.99,0.15,0.0,0.0,0.0,0.0,0.0,0.0,0.0,0.0,0.0,0.0,0.01,0.03,0.04,0.04,0.03,0.03,0.0,0.0,0.15,0.32,0.39,0.30000000000000004,0.23000000000000004,0.12,0.09,0.06,0.03,0.0,0.0,0.0,0.0,0.0,0.0,0.0
29,2023-02-102023-02-132023-02-14,1.02,0.19,0.0,0.0,0.0,0.0,0.0,0.0,0.0,0.0,0.0,0.0,0.0,0.02,0.02,0.03,0.03,0.03,0.0,0.0,0.12,0.30000000000000004,0.37,0.30000000000000004,0.24,0.13,0.09,0.06,0.04,0.01,0.0,0.0,0.0,0.0,0.0,0.0
30,2023-02-132023-02-142023-02-15,1.04,0.22000000000000003,0.0,0.0,0.0,0.0,0.0,0.0,0.0,0.0,0.0,0.0,0.0,0.01,0.02,0.03,0.03,0.03,0.0,0.0,0.1,0.27,0.33999999999999997,0.30000000000000004,0.23,0.14,0.1,0.07,0.05,0.02,0.0,0.0,0.0,0.0,0.0,0.0
31,2023-02-142023-02-152023-02-16,1.06,0.24,0.0,0.0,0.0,0.0,0.0,0.0,0.0,0.0,0.0,0.0,0.0,0.0,0.02,0.03,0.03,0.03,0.0,0.0,0.09,0.24,0.30000000000000004,0.29000000000000004,0.22000000000000003,0.15000000000000002,0.11000000000000001,0.08,0.07,0.03,0.01,0.0,0.0,0.0,0.0,0.0
32,2023-02-152023-02-162023-02-17,1.08,0.24,0.0,0.0,0.0,0.0,0.0,0.0,0.0,0.0,0.0,0.0,0.0,0.0,0.02,0.03,0.03,0.03,0.0,0.0,0.09,0.23000000000000004,0.3,0.28,0.22000000000000003,0.15000000000000002,0.12,0.08,0.07,0.03,0.02,0.0,0.0,0.0,0.0,0.0
33,2023-02-162023-02-172023-02-20,1.1099999999999999,0.24,0.0,0.0,0.0,0.0,0.0,0.0,0.0,0.0,0.0,0.0,0.0,0.0,0.01,0.02,0.03,0.03,0.0,0.0,0.08,0.23000000000000004,0.31,0.27,0.22000000000000003,0.15000000000000002,0.11,0.07,0.07,0.03,0.02,0.0,0.0,0.0,0.0,0.0
34,2023-02-172023-02-202023-02-21,1.1400000000000001,0.26,0.0,0.0,0.0,0.0,0.0,0.0,0.0,0.0,0.0,0.0,0.0,0.0,0.01,0.02,0.03,0.03,0.0,0.0,0.060000000000000005,0.23,0.33,0.27,0.22000000000000003,0.14,0.1,0.06,0.06,0.03,0.01,0.0,0.0,0.0,0.0,0.0
35,2023-02-202023-02-212023-02-22,1.15,0.28,0.0,0.0,0.0,0.0,0.0,0.0,0.0,0.0,0.0,0.0,0.0,0.0,0.02,0.02,0.03,0.03,0.0,0.0,0.04,0.22000000000000003,0.32,0.27,0.21000000000000002,0.13,0.09,0.06,0.05,0.03,0.0,0.0,0.0,0.0,0.0,0.0
36,2023-02-212023-02-222023-02-23,1.1600000000000001,0.30000000000000004,0.0,0.0,0.0,0.0,0.0,0.0,0.0,0.0,0.0,0.0,0.0,0.0,0.03,0.03,0.03,0.03,0.0,0.0,0.03,0.21000000000000002,0.31000000000000005,0.27,0.21000000000000002,0.12,0.09,0.06,0.05,0.03,0.0,0.0,0.0,0.0,0.0,0.0
37,2023-02-222023-02-232023-02-24,1.1600000000000001,0.32,0.01,0.0,0.0,0.0,0.0,0.0,0.0,0.0,0.0,0.0,0.0,0.0,0.02,0.03,0.03,0.03,0.0,0.0,0.02,0.19,0.28,0.26,0.21000000000000002,0.13,0.1,0.07,0.06,0.04,0.01,0.0,0.0,0.0,0.0,0.0
38,2023-02-232023-02-242023-02-27,1.15,0.33999999999999997,0.03,0.0,0.0,0.0,0.0,0.0,0.0,0.0,0.0,0.0,0.0,0.0,0.01,0.03,0.03,0.03,0.0,0.0,0.01,0.15000000000000002,0.25,0.25,0.21000000000000002,0.15,0.12000000000000001,0.08,0.08,0.05,0.02,0.0,0.0,0.0,0.0,0.0
39,2023-02-242023-02-272023-02-28,1.15,0.36,0.06,0.0,0.0,0.0,0.0,0.0,0.0,0.0,0.0,0.0,0.0,0.0,0.0,0.03,0.03,0.03,0.0,0.0,0.0,0.1,0.21000000000000002,0.24,0.21000000000000002,0.16999999999999998,0.14,0.09,0.08,0.06,0.03,0.01,0.0,0.0,0.0,0.0
40,2023-02-272023-02-282023-03-01,1.1600000000000001,0.37,0.08,0.0,0.0,0.0,0.0,0.0,0.0,0.0,0.0,0.0,0.0,0.0,0.0,0.03,0.03,0.03,0.0,0.0,0.0,0.060000000000000005,0.19,0.24,0.21000000000000002,0.18,0.15000000000000002,0.09,0.08,0.05,0.03,0.01,0.0,0.0,0.0,0.0
41,2023-02-282023-03-012023-03-02,1.1800000000000002,0.39,0.08,0.0,0.0,0.0,0.0,0.0,0.0,0.0,0.0,0.0,0.0,0.0,0.0,0.03,0.03,0.03,0.0,0.0,0.0,0.05,0.18,0.24,0.21000000000000002,0.18,0.14,0.09,0.07,0.04,0.03,0.01,0.0,0.0,0.0,0.0
42,2023-03-012023-03-022023-03-03,1.2,0.41000000000000003,0.060000000000000005,0.0,0.0,0.0,0.0,0.0,0.0,0.0,0.0,0.0,0.0,0.0,0.0,0.03,0.03,0.03,0.0,0.0,0.0,0.06,0.19,0.24,0.21000000000000002,0.16999999999999998,0.13,0.09,0.07,0.03,0.02,0.0,0.0,0.0,0.0,0.0
43,2023-03-022023-03-032023-03-06,1.2000000000000002,0.42000000000000004,0.04,0.0,0.0,0.0,0.0,0.0,0.0,0.0,0.0,0.0,0.0,0.0,0.0,0.02,0.03,0.03,0.0,0.0,0.0,0.08,0.2,0.25,0.21000000000000002,0.16,0.12,0.09,0.06,0.03,0.01,0.0,0.0,0.0,0.0,0.0
44,2023-03-032023-03-062023-03-07,1.21,0.42000000000000004,0.02,0.0,0.0,0.0,0.0,0.0,0.0,0.0,0.0,0.0,0.0,0.0,0.0,0.02,0.03,0.03,0.0,0.0,0.0,0.1,0.22000000000000003,0.26,0.21000000000000002,0.15000000000000002,0.13,0.09,0.06,0.03,0.01,0.0,0.0,0.0,0.0,0.0
45,2023-03-062023-03-072023-03-08,1.19,0.42000000000000004,0.01,0.0,0.0,0.0,0.0,0.0,0.0,0.0,0.0,0.0,0.0,0.0,0.0,0.02,0.03,0.03,0.0,0.0,0.0,0.11000000000000001,0.23000000000000004,0.26,0.21000000000000002,0.15000000000000002,0.13,0.09,0.06,0.03,0.01,0.0,0.0,0.0,0.0,0.0
46,2023-03-072023-03-082023-03-09,1.1800000000000002,0.41000000000000003,0.01,0.0,0.0,0.0,0.0,0.0,0.0,0.0,0.0,0.0,0.0,0.0,0.0,0.03,0.03,0.03,0.0,0.0,0.0,0.12,0.24,0.26,0.21000000000000002,0.15000000000000002,0.13,0.09,0.06,0.03,0.01,0.0,0.0,0.0,0.0,0.0
47,2023-03-082023-03-092023-03-10,1.1600000000000001,0.38,0.01,0.0,0.0,0.0,0.0,0.0,0.0,0.0,0.0,0.0,0.0,0.0,0.01,0.03,0.03,0.03,0.0,0.0,0.01,0.13,0.25,0.26,0.21000000000000002,0.15000000000000002,0.12,0.09,0.06,0.03,0.0,0.0,0.0,0.0,0.0,0.0
48,2023-03-092023-03-102023-03-13,1.08,0.33999999999999997,0.01,0.01,0.0,0.0,0.0,0.0,0.0,0.0,0.0,0.0,0.0,0.01,0.03,0.04,0.04,0.04,0.0,0.0,0.04,0.09,0.18999999999999997,0.26,0.23,0.17,0.14,0.1,0.09,0.06,0.01,0.0,0.0,0.0,0.0,0.0
49,2023-03-102023-03-132023-03-14,0.44000000000000006,0.0,0.01,0.0,0.0,0.0,0.0,0.0,0.0,0.0,0.0,0.0,0.02,0.04,0.05,0.05,0.06,0.02,0.0,0.04,0.07,0.16,0.26,0.28,0.19,0.19,0.13,0.14,0.12000000000000001,0.04,0.0,0.0,0.0,0.0,0.0,0.0
50,2023-03-132023-03-142023-03-15,0.51,0.0,0.01,0.03,0.01,0.0,0.0,0.0,0.0,0.0,0.0,0.0,0.02,0.04,0.06,0.09,0.11,0.05,0.0,0.09,0.03,0.07,0.16999999999999998,0.28,0.19,0.25,0.17,0.22000000000000003,0.22000000000000003,0.08,0.0,0.0,0.0,0.0,0.0,0.0
51,2023-03-142023-03-152023-03-16,0.55,0.0,0.0,0.03,0.01,0.0,0.0,0.0,0.0,0.0,0.0,0.0,0.01,0.03,0.05,0.09000000000000001,0.14,0.09,0.0,0.13,0.12,0.1,0.09,0.25,0.17,0.27,0.2,0.25,0.28,0.12000000000000001,0.02,0.0,0.0,0.0,0.0,0.0
52,2023-03-152023-03-162023-03-17,0.43,0.0,0.0,0.03,0.01,0.0,0.0,0.0,0.0,0.0,0.0,0.0,0.01,0.04,0.05,0.11000000000000001,0.16,0.12000000000000001,0.0,0.21000000000000002,0.21,0.12000000000000001,0.11,0.23,0.15000000000000002,0.24,0.17,0.22,0.27,0.09999999999999999,0.02,0.0,0.0,0.0,0.0,0.0
53,2023-03-162023-03-172023-03-20,0.3,0.0,0.0,0.0,0.0,0.0,0.0,0.0,0.0,0.0,0.0,0.01,0.03,0.07,0.06,0.09,0.15000000000000002,0.13,0.0,0.34,0.31,0.21000000000000002,0.22,0.25,0.11,0.17,0.12000000000000001,0.15,0.2,0.060000000000000005,0.02,0.0,0.0,0.0,0.0,0.0
54,2023-03-172023-03-202023-03-21,0.29000000000000004,0.0,0.0,0.0,0.0,0.0,0.0,0.0,0.0,0.0,0.0,0.02,0.05,0.09,0.08,0.1,0.13,0.12,0.0,0.41000000000000003,0.35,0.26,0.32,0.29000000000000004,0.09,0.13,0.07,0.11000000000000001,0.13,0.01,0.0,0.0,0.0,0.0,0.0,0.0
55,2023-03-202023-03-212023-03-22,0.33999999999999997,0.0,0.0,0.0,0.0,0.0,0.0,0.0,0.0,0.0,0.0,0.02,0.05,0.09000000000000001,0.08,0.08,0.11,0.09000000000000001,0.0,0.43000000000000005,0.38,0.31,0.31000000000000005,0.28,0.08,0.1,0.07,0.1,0.1,0.0,0.0,0.0,0.0,0.0,0.0,0.0
56,2023-03-212023-03-222023-03-23,0.4,0.0,0.0,0.0,0.0,0.0,0.0,0.0,0.0,0.0,0.0,0.02,0.05,0.08,0.09,0.08,0.09,0.08,0.0,0.36,0.42000000000000004,0.35,0.31,0.27,0.1,0.1,0.07,0.09000000000000001,0.08,0.0,0.0,0.0,0.0,0.0,0.0,0.0
57,2023-03-222023-03-232023-03-24,0.34,0.0,0.0,0.0,0.0,0.0,0.0,0.0,0.0,0.0,0.0,0.04,0.07,0.1,0.11,0.09,0.09,0.08,0.0,0.36,0.4600000000000001,0.38,0.32,0.25,0.09000000000000001,0.08,0.060000000000000005,0.060000000000000005,0.060000000000000005,0.0,0.0,0.0,0.0,0.0,0.0,0.0
58,2023-03-232023-03-242023-03-27,0.29,0.0,0.0,0.0,0.0,0.0,0.0,0.0,0.0,0.0,0.0,0.05,0.09,0.11,0.13,0.1,0.09,0.09,0.0,0.38,0.5,0.39,0.31,0.23,0.07,0.07,0.05,0.04,0.04,0.0,0.0,0.0,0.0,0.0,0.0,0.0
59,2023-03-242023-03-272023-03-28,0.32999999999999996,0.0,0.0,0.0,0.0,0.0,0.0,0.0,0.0,0.0,0.0,0.05,0.09000000000000001,0.11,0.12,0.1,0.09,0.09,0.0,0.36,0.51,0.39,0.29000000000000004,0.22000000000000003,0.06,0.07,0.05,0.04,0.03,0.0,0.0,0.0,0.0,0.0,0.0,0.0
60,2023-03-272023-03-282023-03-29,0.43000000000000005,0.0,0.0,0.0,0.0,0.0,0.0,0.0,0.0,0.0,0.0,0.03,0.07,0.09,0.1,0.09,0.09,0.09,0.0,0.29000000000000004,0.49,0.39,0.28,0.21000000000000002,0.07,0.09,0.06,0.05,0.04,0.0,0.0,0.0,0.0,0.0,0.0,0.0
61,2023-03-282023-03-292023-03-30,0.53,0.0,0.0,0.0,0.0,0.0,0.0,0.0,0.0,0.0,0.0,0.02,0.06,0.08,0.08,0.08,0.08,0.08,0.0,0.22000000000000003,0.44,0.38,0.29000000000000004,0.22000000000000003,0.1,0.12000000000000001,0.07,0.07,0.05,0.0,0.0,0.0,0.0,0.0,0.0,0.0
62,2023-03-292023-03-302023-03-31,0.5800000000000001,0.0,0.0,0.0,0.0,0.0,0.0,0.0,0.0,0.0,0.0,0.01,0.05,0.07,0.07,0.07,0.08,0.07,0.0,0.17,0.41000000000000003,0.37,0.31,0.23000000000000004,0.13,0.14,0.08,0.08,0.07,0.0,0.0,0.0,0.0,0.0,0.0,0.0
63,2023-03-302023-03-312023-04-03,0.5900000000000001,0.0,0.0,0.0,0.0,0.0,0.0,0.0,0.0,0.0,0.0,0.0,0.04,0.07,0.06,0.06,0.08,0.06,0.0,0.16,0.39,0.37,0.33,0.23,0.14,0.15000000000000002,0.09,0.08,0.07,0.0,0.0,0.0,0.0,0.0,0.0,0.0
64,2023-03-312023-04-032023-04-04,0.55,0.0,0.0,0.0,0.0,0.0,0.0,0.0,0.0,0.0,0.0,0.01,0.04,0.08,0.07,0.07,0.09,0.07,0.0,0.16999999999999998,0.38,0.39,0.35,0.24000000000000002,0.14,0.14,0.08,0.07,0.060000000000000005,0.0,0.0,0.0,0.0,0.0,0.0,0.0
65,2023-04-032023-04-042023-04-05,0.47,0.0,0.0,0.0,0.0,0.0,0.0,0.0,0.01,0.0,0.01,0.04,0.07,0.09,0.08,0.08,0.1,0.08,0.0,0.19,0.4,0.43000000000000005,0.37,0.25,0.12,0.11,0.05,0.04,0.03,0.0,0.0,0.0,0.0,0.0,0.0,0.0
66,2023-04-042023-04-052023-04-06,0.42000000000000004,0.0,0.0,0.0,0.0,0.0,0.0,0.0,0.01,0.0,0.01,0.07,0.09,0.09,0.1,0.09,0.1,0.09,0.0,0.21000000000000002,0.41000000000000003,0.45000000000000007,0.38,0.27,0.11,0.06999999999999999,0.02,0.03,0.01,0.0,0.0,0.0,0.0,0.0,0.0,0.0
67,2023-04-052023-04-062023-04-11,0.44,0.0,0.0,0.0,0.0,0.0,0.0,0.0,0.01,0.0,0.01,0.06999999999999999,0.09000000000000001,0.09,0.1,0.09,0.1,0.09,0.0,0.21000000000000002,0.43000000000000005,0.45,0.38,0.26,0.09,0.06,0.02,0.02,0.01,0.0,0.0,0.0,0.0,0.0,0.0,0.0
68,2023-04-062023-04-112023-04-12,0.52,0.0,0.0,0.0,0.0,0.0,0.0,0.0,0.0,0.0,0.0,0.06,0.07,0.09,0.1,0.08,0.09,0.09,0.0,0.19,0.42000000000000004,0.45000000000000007,0.38,0.24,0.09,0.07,0.04,0.03,0.01,0.0,0.0,0.0,0.0,0.0,0.0,0.0
69,2023-04-112023-04-122023-04-13,0.5700000000000001,0.0,0.0,0.0,0.0,0.0,0.0,0.0,0.0,0.0,0.0,0.05,0.06,0.08,0.09,0.07,0.09,0.09,0.0,0.16999999999999998,0.43000000000000005,0.44000000000000006,0.37,0.23000000000000004,0.1,0.09,0.06,0.03,0.02,0.0,0.0,0.0,0.0,0.0,0.0,0.0
70,2023-04-122023-04-132023-04-14,0.5700000000000001,0.0,0.0,0.0,0.0,0.0,0.0,0.0,0.0,0.0,0.0,0.05,0.05,0.07,0.08,0.06,0.09,0.08,0.0,0.16,0.43000000000000005,0.45000000000000007,0.37,0.23000000000000004,0.11000000000000001,0.09,0.06,0.04,0.02,0.0,0.0,0.0,0.0,0.0,0.0,0.0
71,2023-04-132023-04-142023-04-17,0.5700000000000001,0.0,0.0,0.0,0.0,0.0,0.0,0.0,0.0,0.0,0.0,0.04,0.04,0.06,0.07,0.06,0.09,0.08,0.0,0.16,0.43000000000000005,0.44000000000000006,0.37,0.24,0.12,0.1,0.06,0.05,0.03,0.0,0.0,0.0,0.0,0.0,0.0,0.0
72,2023-04-142023-04-172023-04-18,0.5900000000000001,0.0,0.0,0.0,0.0,0.0,0.0,0.0,0.0,0.0,0.0,0.03,0.02,0.06,0.06,0.06,0.08,0.07,0.0,0.14,0.41000000000000003,0.44999999999999996,0.38,0.25,0.13,0.11000000000000001,0.07,0.07,0.04,0.0,0.0,0.0,0.0,0.0,0.0,0.0
73,2023-04-172023-04-182023-04-19,0.62,0.0,0.0,0.0,0.0,0.0,0.0,0.0,0.0,0.0,0.0,0.02,0.02,0.05,0.05,0.06,0.07,0.07,0.0,0.12,0.39,0.44999999999999996,0.39,0.26,0.14,0.12,0.08,0.08,0.05,0.0,0.0,0.0,0.0,0.0,0.0,0.0
74,2023-04-182023-04-192023-04-20,0.63,0.0,0.0,0.0,0.0,0.0,0.0,0.0,0.0,0.0,0.0,0.01,0.02,0.04,0.04,0.06,0.06,0.06,0.0,0.11000000000000001,0.37,0.45999999999999996,0.39,0.26,0.15000000000000002,0.12,0.09,0.09,0.06,0.0,0.0,0.0,0.0,0.0,0.0,0.0
75,2023-04-192023-04-202023-04-21,0.63,0.0,0.0,0.0,0.0,0.0,0.0,0.0,0.0,0.0,0.0,0.0,0.03,0.04,0.04,0.05,0.06,0.06,0.0,0.11000000000000001,0.37,0.47,0.39,0.26,0.15000000000000002,0.12,0.09,0.08,0.05,0.0,0.0,0.0,0.0,0.0,0.0,0.0
76,2023-04-202023-04-212023-04-24,0.62,0.0,0.0,0.0,0.0,0.0,0.0,0.0,0.0,0.0,0.0,0.0,0.02,0.05,0.04,0.05,0.06,0.06,0.0,0.12,0.38,0.48,0.39,0.26,0.15000000000000002,0.12,0.09,0.07,0.04,0.0,0.0,0.0,0.0,0.0,0.0,0.0
77,2023-04-212023-04-242023-04-25,0.5900000000000001,0.0,0.0,0.0,0.0,0.0,0.0,0.0,0.0,0.0,0.0,0.01,0.02,0.06,0.05,0.05,0.06,0.06,0.0,0.14,0.4,0.47,0.4,0.27,0.15000000000000002,0.12,0.09,0.06,0.03,0.0,0.0,0.0,0.0,0.0,0.0,0.0
78,2023-04-242023-04-252023-04-26,0.55,0.0,0.0,0.0,0.0,0.0,0.0,0.0,0.0,0.0,0.0,0.02,0.02,0.06,0.05,0.06,0.06,0.06,0.0,0.17,0.41000000000000003,0.47,0.41000000000000003,0.27,0.15000000000000002,0.11,0.08,0.06,0.03,0.0,0.0,0.0,0.0,0.0,0.0,0.0
79,2023-04-252023-04-262023-04-27,0.51,0.0,0.0,0.0,0.0,0.0,0.0,0.0,0.0,0.0,0.0,0.03,0.03,0.06,0.06,0.06,0.06,0.06,0.0,0.18,0.41000000000000003,0.47,0.42000000000000004,0.27,0.15000000000000002,0.11000000000000001,0.08,0.05,0.03,0.0,0.0,0.0,0.0,0.0,0.0,0.0
80,2023-04-262023-04-272023-04-28,0.49,0.0,0.0,0.0,0.0,0.0,0.0,0.0,0.0,0.0,0.0,0.03,0.03,0.06,0.06,0.06,0.06,0.06,0.0,0.18,0.4,0.48,0.42000000000000004,0.27,0.15000000000000002,0.11000000000000001,0.07,0.05,0.03,0.0,0.0,0.0,0.0,0.0,0.0,0.0
81,2023-04-272023-04-282023-05-02,0.48,0.0,0.0,0.0,0.0,0.0,0.0,0.0,0.0,0.0,0.0,0.03,0.04,0.06,0.06,0.06,0.06,0.06,0.0,0.16999999999999998,0.4,0.49,0.43000000000000005,0.28,0.15000000000000002,0.11,0.07,0.04,0.03,0.0,0.0,0.0,0.0,0.0,0.0,0.0
82,2023-04-282023-05-022023-05-03,0.45999999999999996,0.0,0.0,0.0,0.0,0.0,0.0,0.0,0.0,0.0,0.0,0.03,0.05,0.06,0.06,0.06,0.06,0.06,0.0,0.19,0.42000000000000004,0.5,0.44000000000000006,0.29000000000000004,0.15000000000000002,0.1,0.06,0.04,0.02,0.0,0.0,0.0,0.0,0.0,0.0,0.0
83,2023-05-022023-05-032023-05-04,0.42,0.0,0.0,0.0,0.0,0.0,0.0,0.0,0.0,0.0,0.01,0.04,0.06,0.06,0.06,0.07,0.07,0.06,0.0,0.2,0.43000000000000005,0.51,0.44999999999999996,0.30000000000000004,0.15000000000000002,0.08,0.05,0.02,0.01,0.0,0.0,0.0,0.0,0.0,0.0,0.0
84,2023-05-032023-05-042023-05-05,0.41000000000000003,0.0,0.0,0.0,0.0,0.0,0.0,0.0,0.0,0.0,0.02,0.05,0.06,0.07,0.07,0.07,0.07,0.07,0.0,0.21000000000000002,0.44000000000000006,0.51,0.44999999999999996,0.29000000000000004,0.14,0.07,0.04,0.01,0.0,0.0,0.0,0.0,0.0,0.0,0.0,0.0
85,2023-05-042023-05-052023-05-08,0.4,0.0,0.0,0.0,0.0,0.0,0.0,0.0,0.0,0.0,0.03,0.05,0.06,0.08,0.07,0.08,0.08,0.07,0.0,0.21000000000000002,0.43000000000000005,0.51,0.44,0.28,0.13,0.07,0.03,0.01,0.0,0.0,0.0,0.0,0.0,0.0,0.0,0.0
86,2023-05-052023-05-082023-05-09,0.42000000000000004,0.0,0.0,0.0,0.0,0.0,0.0,0.0,0.0,0.0,0.02,0.04,0.06,0.08,0.07,0.08,0.08,0.08,0.0,0.21000000000000002,0.44000000000000006,0.51,0.43000000000000005,0.27,0.12,0.07,0.03,0.01,0.0,0.0,0.0,0.0,0.0,0.0,0.0,0.0
87,2023-05-082023-05-092023-05-10,0.41000000000000003,0.0,0.0,0.0,0.0,0.0,0.0,0.0,0.0,0.0,0.02,0.04,0.06,0.08,0.06,0.08,0.09,0.07,0.0,0.22000000000000003,0.44000000000000006,0.51,0.43000000000000005,0.27,0.12,0.07,0.03,0.01,0.0,0.0,0.0,0.0,0.0,0.0,0.0,0.0
88,2023-05-092023-05-102023-05-11,0.39,0.0,0.0,0.0,0.0,0.0,0.0,0.0,0.0,0.0,0.02,0.05,0.06,0.07,0.06,0.07,0.08,0.07,0.0,0.23000000000000004,0.45999999999999996,0.51,0.44000000000000006,0.27,0.12,0.06,0.03,0.0,0.0,0.0,0.0,0.0,0.0,0.0,0.0,0.0
89,2023-05-102023-05-112023-05-12,0.39,0.0,0.0,0.0,0.0,0.0,0.0,0.0,0.0,0.0,0.03,0.06,0.06,0.07,0.06,0.06,0.07,0.06,0.0,0.24,0.47,0.51,0.44,0.27,0.12,0.06,0.03,0.0,0.0,0.0,0.0,0.0,0.0,0.0,0.0,0.0
90,2023-05-112023-05-122023-05-15,0.39,0.0,0.0,0.0,0.0,0.0,0.0,0.0,0.0,0.0,0.03,0.06,0.06,0.06,0.07,0.06,0.06,0.06,0.0,0.24,0.47,0.5,0.43000000000000005,0.27,0.12,0.06,0.03,0.0,0.0,0.0,0.0,0.0,0.0,0.0,0.0,0.0
91,2023-05-122023-05-152023-05-16,0.41000000000000003,0.0,0.0,0.0,0.0,0.0,0.0,0.0,0.0,0.0,0.03,0.06,0.06,0.06,0.08,0.06,0.07,0.06,0.0,0.23,0.45,0.49,0.42000000000000004,0.27,0.13,0.07,0.03,0.0,0.0,0.0,0.0,0.0,0.0,0.0,0.0,0.0
92,2023-05-152023-05-162023-05-17,0.42000000000000004,0.0,0.0,0.0,0.0,0.0,0.0,0.0,0.0,0.0,0.02,0.05,0.06,0.06,0.08,0.06,0.07,0.06,0.0,0.21000000000000002,0.43000000000000005,0.48,0.42000000000000004,0.28,0.15,0.08,0.04,0.0,0.0,0.0,0.0,0.0,0.0,0.0,0.0,0.0
93,2023-05-162023-05-172023-05-18,0.47000000000000003,0.0,0.0,0.0,0.0,0.0,0.0,0.0,0.0,0.0,0.01,0.04,0.05,0.06,0.07,0.06,0.07,0.06,0.0,0.18,0.41000000000000003,0.48,0.42000000000000004,0.29000000000000004,0.16,0.09,0.05,0.01,0.0,0.0,0.0,0.0,0.0,0.0,0.0,0.0
94,2023-05-172023-05-182023-05-19,0.51,0.0,0.0,0.0,0.0,0.0,0.0,0.0,0.0,0.0,0.0,0.03,0.04,0.06,0.06,0.06,0.06,0.06,0.0,0.16,0.4,0.48,0.42000000000000004,0.29000000000000004,0.16,0.1,0.06,0.02,0.01,0.0,0.0,0.0,0.0,0.0,0.0,0.0
95,2023-05-182023-05-192023-05-22,0.54,0.0,0.0,0.0,0.0,0.0,0.0,0.0,0.0,0.0,0.0,0.02,0.03,0.06,0.06,0.06,0.06,0.06,0.0,0.15000000000000002,0.39,0.48,0.42000000000000004,0.28,0.15000000000000002,0.11000000000000001,0.07,0.03,0.02,0.0,0.0,0.0,0.0,0.0,0.0,0.0
96,2023-05-192023-05-222023-05-23,0.55,0.0,0.0,0.0,0.0,0.0,0.0,0.0,0.0,0.0,0.0,0.02,0.03,0.05,0.06,0.06,0.06,0.06,0.0,0.15000000000000002,0.38,0.47,0.41000000000000003,0.27,0.15000000000000002,0.12,0.08,0.04,0.03,0.0,0.0,0.0,0.0,0.0,0.0,0.0
97,2023-05-222023-05-232023-05-24,0.5700000000000001,0.0,0.0,0.0,0.0,0.0,0.0,0.0,0.0,0.0,0.0,0.02,0.03,0.05,0.06,0.06,0.06,0.06,0.0,0.14,0.37,0.47,0.41000000000000003,0.28,0.16,0.12,0.08,0.04,0.03,0.0,0.0,0.0,0.0,0.0,0.0,0.0
98,2023-05-232023-05-242023-05-25,0.61,0.0,0.0,0.0,0.0,0.0,0.0,0.0,0.0,0.0,0.0,0.02,0.02,0.04,0.05,0.05,0.06,0.06,0.0,0.11,0.35,0.45,0.41000000000000003,0.29000000000000004,0.16999999999999998,0.13,0.08,0.05,0.04,0.0,0.0,0.0,0.0,0.0,0.0,0.0
99,2023-05-242023-05-252023-05-26,0.65,0.0,0.0,0.0,0.0,0.0,0.0,0.0,0.0,0.0,0.0,0.01,0.01,0.04,0.04,0.04,0.06,0.06,0.0,0.06999999999999999,0.32999999999999996,0.44000000000000006,0.41000000000000003,0.30000000000000004,0.18,0.14,0.09,0.06,0.05,0.0,0.0,0.0,0.0,0.0,0.0,0.0
100,2023-05-252023-05-262023-05-29,0.66,0.0,0.0,0.0,0.0,0.0,0.0,0.0,0.0,0.0,0.0,0.0,0.0,0.03,0.04,0.04,0.06,0.06,0.0,0.04,0.31000000000000005,0.43000000000000005,0.41000000000000003,0.30000000000000004,0.18,0.15000000000000002,0.11000000000000001,0.08,0.06,0.01,0.0,0.0,0.0,0.0,0.0,0.0
101,2023-05-262023-05-292023-05-30,0.62,0.0,0.0,0.0,0.0,0.0,0.0,0.0,0.0,0.0,0.0,0.0,0.01,0.03,0.05,0.05,0.06,0.06,0.0,0.05,0.33,0.45000000000000007,0.42000000000000004,0.30000000000000004,0.18,0.14,0.11,0.08,0.05,0.01,0.0,0.0,0.0,0.0,0.0,0.0
102,2023-05-292023-05-302023-05-31,0.55,0.0,0.0,0.0,0.0,0.0,0.0,0.0,0.0,0.0,0.0,0.0,0.02,0.03,0.06,0.06,0.06,0.06,0.0,0.09,0.37,0.47,0.44000000000000006,0.30000000000000004,0.16999999999999998,0.12,0.09000000000000001,0.07,0.04,0.01,0.0,0.0,0.0,0.0,0.0,0.0
103,2023-05-302023-05-312023-06-01,0.5,0.0,0.0,0.0,0.0,0.0,0.0,0.0,0.0,0.0,0.0,0.0,0.03,0.03,0.06,0.06,0.06,0.06,0.0,0.14,0.41000000000000003,0.48,0.44,0.29000000000000004,0.16,0.11000000000000001,0.08,0.06,0.03,0.01,0.0,0.0,0.0,0.0,0.0,0.0
104,2023-05-312023-06-012023-06-02,0.5,0.0,0.0,0.0,0.0,0.0,0.0,0.0,0.0,0.0,0.0,0.0,0.02,0.03,0.05,0.06,0.06,0.06,0.0,0.15,0.4,0.47,0.43000000000000005,0.29000000000000004,0.15000000000000002,0.11000000000000001,0.08,0.07,0.04,0.02,0.0,0.0,0.0,0.0,0.0,0.0
105,2023-06-012023-06-022023-06-05,0.53,0.0,0.0,0.0,0.0,0.0,0.0,0.0,0.0,0.0,0.0,0.0,0.01,0.03,0.04,0.06,0.06,0.06,0.0,0.13,0.38,0.45999999999999996,0.42000000000000004,0.28,0.16,0.13,0.1,0.08,0.06,0.03,0.0,0.0,0.0,0.0,0.0,0.0
106,2023-06-022023-06-052023-06-06,0.55,0.0,0.0,0.0,0.0,0.0,0.0,0.0,0.0,0.0,0.0,0.0,0.0,0.03,0.03,0.06,0.06,0.06,0.0,0.11000000000000001,0.36,0.44999999999999996,0.42000000000000004,0.29000000000000004,0.16999999999999998,0.13,0.11000000000000001,0.09,0.08,0.03,0.0,0.0,0.0,0.0,0.0,0.0
107,2023-06-052023-06-062023-06-07,0.5700000000000001,0.0,0.0,0.0,0.0,0.0,0.0,0.0,0.0,0.0,0.0,0.0,0.0,0.03,0.03,0.06,0.06,0.06,0.0,0.09000000000000001,0.35,0.44,0.42000000000000004,0.29000000000000004,0.18,0.14,0.12,0.09,0.09,0.03,0.0,0.0,0.0,0.0,0.0,0.0
108,2023-06-062023-06-072023-06-08,0.5800000000000001,0.0,0.0,0.0,0.0,0.0,0.0,0.0,0.0,0.0,0.0,0.0,0.0,0.02,0.03,0.05,0.06,0.05,0.0,0.09,0.33999999999999997,0.44000000000000006,0.42000000000000004,0.30000000000000004,0.18,0.14,0.12,0.09,0.09,0.03,0.0,0.0,0.0,0.0,0.0,0.0
109,2023-06-072023-06-082023-06-09,0.5900000000000001,0.0,0.0,0.0,0.0,0.0,0.0,0.0,0.0,0.0,0.0,0.0,0.0,0.01,0.03,0.04,0.06,0.04,0.0,0.09,0.33,0.43000000000000005,0.41000000000000003,0.30000000000000004,0.18,0.15000000000000002,0.12,0.09,0.09,0.04,0.0,0.0,0.0,0.0,0.0,0.0
110,2023-06-082023-06-092023-06-12,0.5800000000000001,0.0,0.0,0.0,0.0,0.0,0.0,0.0,0.0,0.0,0.0,0.0,0.0,0.0,0.03,0.03,0.06,0.04,0.0,0.1,0.32,0.43000000000000005,0.41000000000000003,0.30000000000000004,0.18,0.15000000000000002,0.12,0.09,0.09,0.04,0.0,0.0,0.0,0.0,0.0,0.0
111,2023-06-092023-06-122023-06-13,0.59,0.0,0.0,0.0,0.0,0.0,0.0,0.0,0.0,0.0,0.0,0.0,0.0,0.0,0.03,0.03,0.05,0.05,0.0,0.09000000000000001,0.30000000000000004,0.41000000000000003,0.4,0.31,0.18,0.15000000000000002,0.12,0.1,0.09,0.05,0.01,0.0,0.0,0.0,0.0,0.0
112,2023-06-122023-06-132023-06-14,0.61,0.0,0.0,0.0,0.0,0.0,0.0,0.0,0.0,0.0,0.0,0.0,0.0,0.0,0.03,0.03,0.04,0.05,0.0,0.060000000000000005,0.27,0.39,0.4,0.31000000000000005,0.19,0.16,0.13,0.11000000000000001,0.1,0.05,0.02,0.01,0.0,0.0,0.0,0.0
113,2023-06-132023-06-142023-06-15,0.6699999999999999,0.0,0.0,0.0,0.0,0.0,0.0,0.0,0.0,0.0,0.0,0.0,0.0,0.0,0.02,0.02,0.03,0.04,0.0,0.04,0.24,0.36,0.37,0.30000000000000004,0.2,0.18,0.15,0.13,0.12000000000000001,0.07,0.04,0.02,0.0,0.0,0.0,0.0
114,2023-06-142023-06-152023-06-16,0.71,0.0,0.0,0.0,0.0,0.0,0.0,0.0,0.0,0.0,0.0,0.0,0.0,0.0,0.01,0.01,0.02,0.03,0.0,0.02,0.22000000000000003,0.33999999999999997,0.35,0.28,0.2,0.19,0.16999999999999998,0.14,0.14,0.08,0.05,0.03,0.0,0.0,0.0,0.0
115,2023-06-152023-06-162023-06-19,0.78,0.02,0.0,0.0,0.0,0.0,0.0,0.0,0.0,0.0,0.0,0.0,0.0,0.0,0.0,0.0,0.02,0.03,0.0,0.01,0.2,0.33,0.33,0.27,0.19,0.19,0.16999999999999998,0.14,0.14,0.09,0.05,0.03,0.0,0.0,0.0,0.0
116,2023-06-162023-06-192023-06-20,0.04,0.0,0.0,0.0,0.0,0.0,0.0,0.0,0.0,0.0,0.0,0.0,0.0,0.0,0.0,0.02,0.02,0.01,0.0,0.22,0.37,0.37,0.31,0.21,0.2,0.18,0.15,0.14,0.1,0.06,0.03,0.0,0.0,0.0,0.0,0.0
117,2023-06-192023-06-202023-06-21,0.08,0.0,0.0,0.0,0.0,0.0,0.0,0.0,0.0,0.0,0.0,0.0,0.0,0.0,0.0,0.02,0.02,0.02,0.0,0.24,0.42000000000000004,0.42000000000000004,0.35,0.22999999999999998,0.21000000000000002,0.18,0.16,0.13,0.11000000000000001,0.06,0.03,0.01,0.0,0.0,0.0,0.0
118,2023-06-202023-06-212023-06-22,0.12,0.0,0.0,0.0,0.0,0.0,0.0,0.0,0.0,0.0,0.0,0.0,0.0,0.0,0.0,0.01,0.01,0.03,0.0,0.24,0.45,0.45999999999999996,0.39,0.26,0.24000000000000002,0.2,0.18,0.14,0.12,0.07,0.04,0.02,0.0,0.0,0.0,0.0
119,2023-06-212023-06-222023-06-23,0.13,0.0,0.0,0.0,0.0,0.0,0.0,0.0,0.0,0.0,0.0,0.0,0.0,0.0,0.0,0.0,0.02,0.02,0.0,0.22,0.44000000000000006,0.47,0.4,0.27,0.24,0.2,0.18,0.14,0.12,0.06,0.05,0.02,0.0,0.0,0.0,0.0
120,2023-06-222023-06-232023-06-26,0.13,0.0,0.0,0.0,0.0,0.0,0.0,0.0,0.0,0.0,0.0,0.0,0.0,0.0,0.0,0.01,0.02,0.01,0.0,0.2,0.42000000000000004,0.47,0.41000000000000003,0.29000000000000004,0.25,0.21000000000000002,0.18,0.15000000000000002,0.12,0.07,0.05,0.01,0.0,0.0,0.0,0.0
121,2023-06-232023-06-262023-06-27,0.13,0.0,0.0,0.0,0.0,0.0,0.0,0.0,0.0,0.0,0.0,0.0,0.0,0.0,0.0,0.01,0.02,0.0,0.0,0.18000000000000002,0.39,0.46,0.42000000000000004,0.30000000000000004,0.25,0.21000000000000002,0.18,0.16,0.12,0.08,0.05,0.01,0.0,0.0,0.0,0.0
122,2023-06-262023-06-272023-06-28,0.15000000000000002,0.0,0.0,0.0,0.0,0.0,0.0,0.0,0.0,0.0,0.0,0.0,0.0,0.0,0.0,0.02,0.01,0.01,0.0,0.15000000000000002,0.36,0.44000000000000006,0.42000000000000004,0.30000000000000004,0.26,0.21000000000000002,0.18,0.16,0.13,0.09,0.05,0.02,0.0,0.0,0.0,0.0
123,2023-06-272023-06-282023-06-29,0.18,0.0,0.0,0.0,0.0,0.0,0.0,0.0,0.0,0.0,0.0,0.0,0.0,0.0,0.0,0.02,0.0,0.01,0.0,0.1,0.32,0.41000000000000003,0.42000000000000004,0.31,0.27,0.22000000000000003,0.19,0.16999999999999998,0.14,0.09,0.06,0.03,0.01,0.0,0.0,0.0
124,2023-06-282023-06-292023-06-30,0.19,0.0,0.0,0.0,0.0,0.0,0.0,0.0,0.0,0.0,0.0,0.0,0.0,0.0,0.0,0.03,0.0,0.01,0.0,0.06999999999999999,0.30000000000000004,0.4,0.42000000000000004,0.32,0.27,0.23000000000000004,0.19,0.16999999999999998,0.15000000000000002,0.1,0.07,0.04,0.02,0.0,0.0,0.0
125,2023-06-292023-06-302023-07-03,0.24000000000000002,0.01,0.0,0.0,0.0,0.0,0.0,0.0,0.0,0.0,0.0,0.0,0.0,0.0,0.0,0.02,0.0,0.0,0.0,0.03,0.27,0.38,0.42000000000000004,0.33,0.27,0.23,0.2,0.18,0.15000000000000002,0.11000000000000001,0.08,0.05,0.03,0.0,0.0,0.0
126,2023-06-302023-07-032023-07-04,0.26,0.01,0.0,0.0,0.0,0.0,0.0,0.0,0.0,0.0,0.0,0.0,0.0,0.0,0.0,0.02,0.0,0.0,0.0,0.01,0.27,0.37,0.42000000000000004,0.33,0.27,0.22000000000000003,0.19,0.18,0.15000000000000002,0.12,0.09,0.06,0.03,0.0,0.0,0.0
127,2023-07-032023-07-042023-07-05,0.28,0.01,0.0,0.0,0.0,0.0,0.0,0.0,0.0,0.0,0.0,0.0,0.0,0.0,0.0,0.02,0.01,0.01,0.0,0.01,0.28,0.37,0.42000000000000004,0.33,0.27,0.21000000000000002,0.19,0.16999999999999998,0.15000000000000002,0.12,0.08,0.05,0.02,0.0,0.0,0.0
128,2023-07-042023-07-052023-07-06,0.31,0.02,0.0,0.0,0.0,0.0,0.0,0.0,0.0,0.0,0.0,0.0,0.0,0.0,0.0,0.02,0.02,0.01,0.0,0.01,0.28,0.37,0.41000000000000003,0.33,0.27,0.21000000000000002,0.18,0.16,0.15000000000000002,0.11,0.07,0.04,0.01,0.0,0.0,0.0
129,2023-07-052023-07-062023-07-07,0.33999999999999997,0.02,0.0,0.0,0.0,0.0,0.0,0.0,0.0,0.0,0.0,0.0,0.0,0.0,0.01,0.03,0.04,0.02,0.0,0.01,0.28,0.39,0.41000000000000003,0.33,0.27,0.2,0.16999999999999998,0.15000000000000002,0.14,0.09000000000000001,0.05,0.02,0.0,0.0,0.0,0.0
130,2023-07-062023-07-072023-07-10,0.38,0.02,0.0,0.0,0.0,0.0,0.0,0.0,0.0,0.0,0.0,0.0,0.0,0.0,0.01,0.04,0.05,0.03,0.0,0.0,0.28,0.4,0.42000000000000004,0.33,0.27,0.19,0.16,0.14,0.12,0.07,0.04,0.01,0.0,0.0,0.0,0.0
131,2023-07-072023-07-102023-07-11,0.38,0.01,0.0,0.0,0.0,0.0,0.0,0.0,0.0,0.0,0.0,0.0,0.0,0.0,0.02,0.06,0.06,0.05,0.0,0.0,0.29000000000000004,0.41000000000000003,0.43000000000000005,0.33,0.27,0.19,0.15000000000000002,0.13,0.11000000000000001,0.06,0.03,0.0,0.0,0.0,0.0,0.0
132,2023-07-102023-07-112023-07-12,0.36,0.01,0.0,0.0,0.0,0.0,0.0,0.0,0.0,0.0,0.0,0.0,0.0,0.0,0.02,0.06,0.06,0.06,0.0,0.0,0.29000000000000004,0.42000000000000004,0.44000000000000006,0.33,0.27,0.19,0.15000000000000002,0.12,0.1,0.06,0.03,0.0,0.0,0.0,0.0,0.0
133,2023-07-112023-07-122023-07-13,0.32,0.01,0.0,0.0,0.0,0.0,0.0,0.0,0.0,0.0,0.0,0.0,0.0,0.0,0.03,0.06,0.06,0.06,0.0,0.01,0.31,0.45000000000000007,0.45000000000000007,0.33999999999999997,0.26,0.19,0.14,0.11,0.1,0.05,0.03,0.0,0.0,0.0,0.0,0.0
134,2023-07-122023-07-132023-07-14,0.27,0.0,0.0,0.0,0.0,0.0,0.0,0.0,0.0,0.0,0.0,0.0,0.0,0.0,0.03,0.06,0.06,0.06,0.0,0.03,0.33,0.48,0.47,0.33999999999999997,0.26,0.18,0.13,0.11000000000000001,0.09,0.05,0.03,0.0,0.0,0.0,0.0,0.0
135,2023-07-132023-07-142023-07-17,0.24,0.0,0.0,0.0,0.0,0.0,0.0,0.0,0.0,0.0,0.0,0.0,0.0,0.0,0.03,0.06,0.06,0.06,0.0,0.05,0.33999999999999997,0.48,0.48,0.33999999999999997,0.26,0.18,0.13,0.11000000000000001,0.09,0.05,0.03,0.0,0.0,0.0,0.0,0.0
136,2023-07-142023-07-172023-07-18,0.2,0.0,0.0,0.0,0.0,0.0,0.0,0.0,0.0,0.0,0.0,0.0,0.0,0.0,0.03,0.06,0.06,0.06,0.0,0.09,0.35,0.47,0.47,0.33,0.26,0.19,0.14,0.11,0.09,0.05,0.03,0.0,0.0,0.0,0.0,0.0
137,2023-07-172023-07-182023-07-19,0.17,0.0,0.0,0.0,0.0,0.0,0.0,0.0,0.0,0.0,0.0,0.0,0.0,0.0,0.03,0.06,0.06,0.06,0.0,0.11000000000000001,0.37,0.48,0.47,0.33,0.25,0.19,0.14,0.1,0.09,0.04,0.02,0.0,0.0,0.0,0.0,0.0
138,2023-07-182023-07-192023-07-20,0.16,0.0,0.0,0.0,0.0,0.0,0.0,0.0,0.0,0.0,0.0,0.0,0.0,0.0,0.03,0.06,0.06,0.06,0.0,0.12,0.38,0.48,0.45999999999999996,0.33,0.25,0.2,0.14,0.1,0.1,0.04,0.02,0.0,0.0,0.0,0.0,0.0
139,2023-07-192023-07-202023-07-21,0.16,0.0,0.0,0.0,0.0,0.0,0.0,0.0,0.0,0.0,0.0,0.0,0.0,0.0,0.03,0.06,0.06,0.06,0.0,0.11000000000000001,0.37,0.48,0.45999999999999996,0.33,0.26,0.19,0.14,0.11000000000000001,0.1,0.05,0.02,0.0,0.0,0.0,0.0,0.0
140,2023-07-202023-07-212023-07-24,0.15,0.0,0.0,0.0,0.0,0.0,0.0,0.0,0.0,0.0,0.0,0.0,0.0,0.0,0.03,0.06,0.06,0.06,0.0,0.13,0.38,0.47,0.44999999999999996,0.33,0.26,0.19,0.14,0.11,0.09000000000000001,0.05,0.02,0.0,0.0,0.0,0.0,0.0
141,2023-07-212023-07-242023-07-25,0.14,0.0,0.0,0.0,0.0,0.0,0.0,0.0,0.0,0.0,0.0,0.0,0.0,0.0,0.03,0.06,0.06,0.06,0.0,0.15000000000000002,0.39,0.48,0.44999999999999996,0.33,0.25,0.18,0.14,0.11000000000000001,0.08,0.04,0.02,0.0,0.0,0.0,0.0,0.0
142,2023-07-242023-07-252023-07-26,0.15,0.0,0.0,0.0,0.0,0.0,0.0,0.0,0.0,0.0,0.0,0.0,0.0,0.0,0.02,0.05,0.06,0.06,0.0,0.15,0.39,0.47,0.44999999999999996,0.33,0.24,0.18,0.15,0.11000000000000001,0.09,0.04,0.02,0.0,0.0,0.0,0.0,0.0
143,2023-07-252023-07-262023-07-27,0.16,0.0,0.0,0.0,0.0,0.0,0.0,0.0,0.0,0.0,0.0,0.0,0.0,0.0,0.02,0.05,0.06,0.06,0.0,0.14,0.37,0.45999999999999996,0.44999999999999996,0.33,0.24,0.18,0.16,0.12,0.1,0.05,0.03,0.0,0.0,0.0,0.0,0.0
144,2023-07-262023-07-272023-07-28,0.16,0.0,0.0,0.0,0.0,0.0,0.0,0.0,0.0,0.0,0.0,0.0,0.0,0.0,0.02,0.05,0.07,0.06,0.0,0.15,0.37,0.45999999999999996,0.44999999999999996,0.33,0.23,0.16999999999999998,0.16,0.12,0.1,0.06,0.03,0.0,0.0,0.0,0.0,0.0
145,2023-07-272023-07-282023-07-31,0.15000000000000002,0.0,0.0,0.0,0.0,0.0,0.0,0.0,0.0,0.0,0.0,0.0,0.0,0.01,0.03,0.06,0.07,0.07,0.0,0.16999999999999998,0.39,0.47,0.44999999999999996,0.33,0.23000000000000004,0.16,0.14,0.11,0.08,0.05,0.02,0.0,0.0,0.0,0.0,0.0
146,2023-07-282023-07-312023-08-01,0.16,0.0,0.0,0.0,0.0,0.0,0.0,0.0,0.0,0.0,0.0,0.0,0.0,0.02,0.04,0.06,0.07,0.08,0.0,0.18,0.41000000000000003,0.48,0.45999999999999996,0.33,0.23000000000000004,0.15000000000000002,0.12,0.1,0.07,0.04,0.01,0.0,0.0,0.0,0.0,0.0
147,2023-07-312023-08-012023-08-02,0.15,0.0,0.0,0.0,0.0,0.0,0.0,0.0,0.0,0.0,0.0,0.0,0.0,0.03,0.04,0.06,0.06,0.09,0.0,0.19,0.43000000000000005,0.5,0.47,0.33,0.23,0.14,0.1,0.09,0.06,0.02,0.0,0.0,0.0,0.0,0.0,0.0
148,2023-08-012023-08-022023-08-03,0.14,0.0,0.0,0.0,0.0,0.0,0.0,0.0,0.0,0.0,0.0,0.0,0.01,0.03,0.05,0.06,0.07,0.09,0.0,0.21000000000000002,0.44000000000000006,0.52,0.48,0.33,0.22000000000000003,0.13,0.08,0.08,0.05,0.01,0.0,0.0,0.0,0.0,0.0,0.0
149,2023-08-022023-08-032023-08-04,0.13,0.0,0.0,0.0,0.0,0.0,0.0,0.0,0.0,0.0,0.0,0.0,0.01,0.03,0.04,0.06,0.07,0.09,0.0,0.22000000000000003,0.44999999999999996,0.54,0.48,0.33,0.22000000000000003,0.12,0.08,0.07,0.05,0.0,0.0,0.0,0.0,0.0,0.0,0.0
150,2023-08-032023-08-042023-08-07,0.14,0.0,0.0,0.0,0.0,0.0,0.0,0.0,0.0,0.0,0.0,0.0,0.01,0.03,0.05,0.06,0.07,0.08,0.0,0.21000000000000002,0.44999999999999996,0.54,0.48,0.33,0.23000000000000004,0.12,0.08,0.06,0.04,0.0,0.0,0.0,0.0,0.0,0.0,0.0
151,2023-08-042023-08-072023-08-08,0.14,0.0,0.0,0.0,0.0,0.0,0.0,0.0,0.0,0.0,0.0,0.0,0.0,0.03,0.05,0.06,0.06,0.07,0.0,0.21000000000000002,0.44999999999999996,0.54,0.48,0.33,0.23,0.12,0.09,0.06,0.04,0.0,0.0,0.0,0.0,0.0,0.0,0.0
152,2023-08-072023-08-082023-08-09,0.14,0.0,0.0,0.0,0.0,0.0,0.0,0.0,0.0,0.0,0.0,0.0,0.0,0.03,0.05,0.06,0.06,0.06,0.0,0.21000000000000002,0.44999999999999996,0.54,0.48,0.33,0.22000000000000003,0.13,0.09,0.06,0.04,0.01,0.0,0.0,0.0,0.0,0.0,0.0
153,2023-08-082023-08-092023-08-10,0.13,0.0,0.0,0.0,0.0,0.0,0.0,0.0,0.0,0.0,0.0,0.0,0.0,0.03,0.04,0.07,0.06,0.06,0.0,0.22000000000000003,0.44999999999999996,0.54,0.48,0.33,0.21000000000000002,0.13,0.1,0.07,0.05,0.01,0.0,0.0,0.0,0.0,0.0,0.0
154,2023-08-092023-08-102023-08-11,0.15,0.0,0.0,0.0,0.0,0.0,0.0,0.0,0.0,0.0,0.0,0.0,0.0,0.03,0.04,0.07,0.06,0.07,0.0,0.19,0.43,0.53,0.48,0.33,0.22000000000000003,0.14,0.11000000000000001,0.07,0.06,0.01,0.0,0.0,0.0,0.0,0.0,0.0
155,2023-08-102023-08-112023-08-14,0.16,0.0,0.0,0.0,0.0,0.0,0.0,0.0,0.0,0.0,0.0,0.0,0.0,0.03,0.04,0.07,0.06,0.08,0.0,0.17,0.4,0.52,0.48,0.33,0.23000000000000004,0.14,0.12,0.08,0.06,0.01,0.0,0.0,0.0,0.0,0.0,0.0
156,2023-08-112023-08-142023-08-15,0.18,0.0,0.0,0.0,0.0,0.0,0.0,0.0,0.0,0.0,0.0,0.0,0.0,0.03,0.04,0.06,0.06,0.09,0.0,0.14,0.37,0.5,0.48,0.33999999999999997,0.24,0.16,0.12,0.08,0.07,0.02,0.0,0.0,0.0,0.0,0.0,0.0
157,2023-08-142023-08-152023-08-16,0.16999999999999998,0.0,0.0,0.0,0.0,0.0,0.0,0.0,0.0,0.0,0.0,0.0,0.0,0.03,0.03,0.06,0.07,0.09,0.0,0.14,0.37,0.5,0.48,0.33999999999999997,0.24,0.16,0.12,0.09,0.08,0.03,0.0,0.0,0.0,0.0,0.0,0.0
158,2023-08-152023-08-162023-08-17,0.16,0.0,0.0,0.0,0.0,0.0,0.0,0.0,0.0,0.0,0.0,0.0,0.0,0.03,0.03,0.07,0.07,0.09,0.0,0.14,0.38,0.5,0.48,0.33999999999999997,0.24,0.16,0.12,0.09,0.08,0.03,0.0,0.0,0.0,0.0,0.0,0.0
159,2023-08-162023-08-172023-08-18,0.14,0.0,0.0,0.0,0.0,0.0,0.0,0.0,0.0,0.0,0.0,0.0,0.0,0.03,0.04,0.07,0.07,0.08,0.0,0.16,0.4,0.52,0.48,0.33,0.23,0.15000000000000002,0.11,0.09,0.07,0.03,0.0,0.0,0.0,0.0,0.0,0.0
160,2023-08-172023-08-182023-08-21,0.14,0.0,0.0,0.0,0.0,0.0,0.0,0.0,0.0,0.0,0.0,0.0,0.0,0.03,0.04,0.07,0.06,0.08,0.0,0.16,0.4,0.52,0.48,0.33,0.23000000000000004,0.15000000000000002,0.11000000000000001,0.09,0.06,0.03,0.0,0.0,0.0,0.0,0.0,0.0
161,2023-08-182023-08-212023-08-22,0.14,0.0,0.0,0.0,0.0,0.0,0.0,0.0,0.0,0.0,0.0,0.0,0.0,0.03,0.04,0.06,0.06,0.07,0.0,0.16,0.4,0.52,0.48,0.33,0.23000000000000004,0.16,0.11000000000000001,0.1,0.06,0.03,0.0,0.0,0.0,0.0,0.0,0.0
162,2023-08-212023-08-222023-08-23,0.14,0.0,0.0,0.0,0.0,0.0,0.0,0.0,0.0,0.0,0.0,0.0,0.0,0.03,0.03,0.05,0.06,0.07,0.0,0.17,0.41000000000000003,0.52,0.49,0.33999999999999997,0.24,0.16,0.11,0.1,0.05,0.02,0.0,0.0,0.0,0.0,0.0,0.0
163,2023-08-222023-08-232023-08-24,0.12,0.0,0.0,0.0,0.0,0.0,0.0,0.0,0.0,0.0,0.0,0.0,0.0,0.03,0.03,0.04,0.05,0.06,0.0,0.19,0.42000000000000004,0.53,0.5,0.35,0.24,0.16,0.11000000000000001,0.1,0.05,0.02,0.0,0.0,0.0,0.0,0.0,0.0
164,2023-08-232023-08-242023-08-25,0.13,0.0,0.0,0.0,0.0,0.0,0.0,0.0,0.0,0.0,0.0,0.0,0.0,0.02,0.03,0.03,0.05,0.06,0.0,0.19,0.42000000000000004,0.53,0.51,0.36,0.24,0.16,0.11000000000000001,0.09,0.06,0.02,0.0,0.0,0.0,0.0,0.0,0.0
165,2023-08-242023-08-252023-08-28,0.15,0.0,0.0,0.0,0.0,0.0,0.0,0.0,0.0,0.0,0.0,0.0,0.0,0.02,0.03,0.03,0.05,0.06,0.0,0.17,0.4,0.52,0.51,0.36,0.24,0.16999999999999998,0.12,0.09,0.07,0.03,0.01,0.0,0.0,0.0,0.0,0.0
166,2023-08-252023-08-282023-08-29,0.16999999999999998,0.0,0.0,0.0,0.0,0.0,0.0,0.0,0.0,0.0,0.0,0.0,0.0,0.01,0.03,0.03,0.05,0.06,0.0,0.15000000000000002,0.39,0.51,0.5,0.36,0.25,0.18,0.13,0.1,0.08,0.03,0.01,0.0,0.0,0.0,0.0,0.0
167,2023-08-282023-08-292023-08-30,0.16,0.0,0.0,0.0,0.0,0.0,0.0,0.0,0.0,0.0,0.0,0.0,0.0,0.02,0.03,0.03,0.04,0.05,0.0,0.16,0.39,0.51,0.49,0.36,0.26,0.18,0.14,0.1,0.08,0.03,0.01,0.0,0.0,0.0,0.0,0.0
168,2023-08-292023-08-302023-08-31,0.14,0.0,0.0,0.0,0.0,0.0,0.0,0.0,0.0,0.0,0.0,0.0,0.0,0.02,0.03,0.03,0.03,0.05,0.0,0.18,0.41000000000000003,0.52,0.48,0.35,0.26,0.18,0.14,0.1,0.08,0.03,0.0,0.0,0.0,0.0,0.0,0.0
169,2023-08-302023-08-312023-09-01,0.14,0.0,0.0,0.0,0.0,0.0,0.0,0.0,0.0,0.0,0.0,0.0,0.01,0.03,0.03,0.04,0.04,0.04,0.0,0.2,0.42000000000000004,0.53,0.48,0.33999999999999997,0.24,0.16999999999999998,0.13,0.09,0.07,0.02,0.0,0.0,0.0,0.0,0.0,0.0
170,2023-08-312023-09-012023-09-04,0.14,0.0,0.0,0.0,0.0,0.0,0.0,0.0,0.0,0.0,0.0,0.0,0.02,0.03,0.04,0.04,0.04,0.05,0.0,0.2,0.43000000000000005,0.54,0.48,0.33,0.23000000000000004,0.16,0.12,0.09,0.05,0.01,0.0,0.0,0.0,0.0,0.0,0.0
171,2023-09-012023-09-042023-09-05,0.14,0.0,0.0,0.0,0.0,0.0,0.0,0.0,0.0,0.0,0.0,0.0,0.03,0.04,0.05,0.05,0.05,0.05,0.0,0.19,0.42000000000000004,0.53,0.48,0.33999999999999997,0.23000000000000004,0.15000000000000002,0.12,0.08,0.04,0.0,0.0,0.0,0.0,0.0,0.0,0.0
172,2023-09-042023-09-052023-09-06,0.14,0.0,0.0,0.0,0.0,0.0,0.0,0.0,0.0,0.0,0.0,0.0,0.03,0.05,0.06,0.05,0.05,0.06,0.0,0.16999999999999998,0.41000000000000003,0.52,0.49,0.35,0.24,0.15000000000000002,0.12,0.08,0.03,0.0,0.0,0.0,0.0,0.0,0.0,0.0
173,2023-09-052023-09-062023-09-07,0.14,0.0,0.0,0.0,0.0,0.0,0.0,0.0,0.0,0.0,0.0,0.0,0.02,0.05,0.06,0.05,0.06,0.06,0.0,0.16,0.41000000000000003,0.51,0.5,0.36,0.24,0.15000000000000002,0.12,0.08,0.03,0.0,0.0,0.0,0.0,0.0,0.0,0.0
174,2023-09-062023-09-072023-09-08,0.15000000000000002,0.0,0.0,0.0,0.0,0.0,0.0,0.0,0.0,0.0,0.0,0.0,0.02,0.04,0.06,0.05,0.06,0.06,0.0,0.16,0.41000000000000003,0.52,0.51,0.36,0.24,0.15000000000000002,0.12,0.09,0.03,0.0,0.0,0.0,0.0,0.0,0.0,0.0
175,2023-09-072023-09-082023-09-11,0.15000000000000002,0.0,0.0,0.0,0.0,0.0,0.0,0.0,0.0,0.0,0.0,0.0,0.02,0.03,0.06,0.05,0.06,0.06,0.0,0.16,0.41000000000000003,0.52,0.51,0.36,0.24,0.15000000000000002,0.12,0.09,0.03,0.0,0.0,0.0,0.0,0.0,0.0,0.0
176,2023-09-082023-09-112023-09-12,0.15000000000000002,0.0,0.0,0.0,0.0,0.0,0.0,0.0,0.0,0.0,0.0,0.0,0.02,0.03,0.06,0.06,0.06,0.06,0.0,0.16,0.4,0.52,0.51,0.36,0.25,0.15000000000000002,0.12,0.09,0.04,0.0,0.0,0.0,0.0,0.0,0.0,0.0
177,2023-09-112023-09-122023-09-13,0.15000000000000002,0.0,0.0,0.0,0.0,0.0,0.0,0.0,0.0,0.0,0.0,0.0,0.01,0.03,0.06,0.05,0.05,0.05,0.0,0.15000000000000002,0.38,0.51,0.51,0.36,0.26,0.16,0.12,0.1,0.05,0.01,0.0,0.0,0.0,0.0,0.0,0.0
178,2023-09-122023-09-132023-09-14,0.13,0.0,0.0,0.0,0.0,0.0,0.0,0.0,0.0,0.0,0.0,0.0,0.0,0.03,0.05,0.04,0.04,0.04,0.0,0.16,0.38,0.51,0.51,0.36,0.27,0.16999999999999998,0.12,0.1,0.06,0.01,0.0,0.0,0.0,0.0,0.0,0.0
179,2023-09-132023-09-142023-09-15,0.14,0.0,0.0,0.0,0.0,0.0,0.0,0.0,0.0,0.0,0.0,0.0,0.01,0.03,0.04,0.04,0.03,0.04,0.0,0.16,0.37,0.5,0.51,0.36,0.26,0.18,0.12,0.1,0.06,0.02,0.0,0.0,0.0,0.0,0.0,0.0
180,2023-09-142023-09-152023-09-18,0.19,0.0,0.0,0.0,0.0,0.0,0.0,0.0,0.0,0.0,0.0,0.0,0.01,0.03,0.03,0.05,0.03,0.05,0.0,0.14,0.35,0.48,0.51,0.37,0.26,0.18,0.13,0.09,0.06,0.02,0.0,0.0,0.0,0.0,0.0,0.0
181,2023-09-152023-09-182023-09-19,0.0,0.0,0.0,0.0,0.0,0.0,0.0,0.0,0.0,0.0,0.0,0.01,0.03,0.03,0.06,0.04,0.05,0.02,0.12,0.33,0.47,0.51,0.39,0.26,0.18,0.14,0.1,0.06,0.03,0.0,0.0,0.0,0.0,0.0,0.0,0.0
182,2023-09-182023-09-192023-09-20,0.0,0.0,0.0,0.0,0.0,0.0,0.0,0.0,0.0,0.0,0.0,0.0,0.03,0.03,0.06,0.05,0.05,0.04,0.11000000000000001,0.32,0.48,0.51,0.4,0.27,0.18,0.15000000000000002,0.1,0.07,0.03,0.0,0.0,0.0,0.0,0.0,0.0,0.0
183,2023-09-192023-09-202023-09-21,0.0,0.0,0.0,0.0,0.0,0.0,0.0,0.0,0.0,0.0,0.0,0.0,0.03,0.04,0.06,0.06,0.05,0.06,0.12,0.33999999999999997,0.5,0.52,0.4,0.27,0.18,0.14,0.11000000000000001,0.07,0.03,0.0,0.0,0.0,0.0,0.0,0.0,0.0
184,2023-09-202023-09-212023-09-22,0.0,0.0,0.0,0.0,0.0,0.0,0.0,0.0,0.0,0.0,0.0,0.0,0.03,0.04,0.06,0.06,0.06,0.06,0.12,0.33999999999999997,0.51,0.53,0.4,0.27,0.18,0.13,0.1,0.07,0.03,0.0,0.0,0.0,0.0,0.0,0.0,0.0
185,2023-09-212023-09-222023-09-25,0.0,0.0,0.0,0.0,0.0,0.0,0.0,0.0,0.0,0.0,0.0,0.01,0.04,0.05,0.06,0.07,0.07,0.06,0.12,0.33999999999999997,0.51,0.54,0.4,0.26,0.16999999999999998,0.11,0.1,0.05,0.02,0.0,0.0,0.0,0.0,0.0,0.0,0.0
186,2023-09-222023-09-252023-09-26,0.0,0.0,0.0,0.0,0.0,0.0,0.0,0.0,0.0,0.0,0.0,0.02,0.05,0.05,0.07,0.07,0.07,0.07,0.12,0.33,0.51,0.54,0.41000000000000003,0.26,0.16999999999999998,0.1,0.08,0.04,0.01,0.0,0.0,0.0,0.0,0.0,0.0,0.0
187,2023-09-252023-09-262023-09-27,0.0,0.0,0.0,0.0,0.0,0.0,0.0,0.0,0.0,0.0,0.0,0.03,0.06,0.06,0.08,0.08,0.08,0.08,0.12,0.33999999999999997,0.51,0.54,0.4,0.26,0.16,0.09,0.07,0.03,0.0,0.0,0.0,0.0,0.0,0.0,0.0,0.0
188,2023-09-262023-09-272023-09-28,0.0,0.0,0.0,0.0,0.0,0.0,0.0,0.0,0.0,0.0,0.01,0.03,0.07,0.07,0.09,0.08,0.08,0.09,0.1,0.32999999999999996,0.51,0.55,0.4,0.26,0.16,0.09,0.05,0.03,0.0,0.0,0.0,0.0,0.0,0.0,0.0,0.0
189,2023-09-272023-09-282023-09-29,0.0,0.0,0.0,0.0,0.0,0.0,0.0,0.0,0.0,0.0,0.01,0.03,0.07,0.07,0.08,0.09,0.09,0.09,0.1,0.33999999999999997,0.51,0.56,0.4,0.26,0.14,0.09,0.04,0.02,0.0,0.0,0.0,0.0,0.0,0.0,0.0,0.0
190,2023-09-282023-09-292023-10-02,0.0,0.0,0.0,0.0,0.0,0.0,0.0,0.0,0.0,0.0,0.02,0.03,0.08,0.08,0.08,0.09,0.1,0.1,0.09,0.33999999999999997,0.5,0.56,0.4,0.25,0.14,0.08,0.03,0.02,0.0,0.0,0.0,0.0,0.0,0.0,0.0,0.0
191,2023-09-292023-10-022023-10-03,0.0,0.0,0.0,0.0,0.0,0.0,0.0,0.0,0.0,0.0,0.02,0.04,0.07,0.08,0.08,0.09,0.11000000000000001,0.11000000000000001,0.1,0.36,0.49,0.55,0.4,0.25,0.13,0.07,0.03,0.01,0.0,0.0,0.0,0.0,0.0,0.0,0.0,0.0
192,2023-10-022023-10-032023-10-04,0.0,0.0,0.0,0.0,0.0,0.0,0.0,0.0,0.0,0.01,0.04,0.05,0.07,0.09,0.09,0.09,0.12,0.12,0.1,0.36,0.49,0.54,0.39,0.24,0.12,0.05,0.02,0.01,0.0,0.0,0.0,0.0,0.0,0.0,0.0,0.0
193,2023-10-032023-10-042023-10-05,0.0,0.0,0.0,0.0,0.0,0.0,0.0,0.0,0.0,0.02,0.05,0.06,0.06,0.08,0.09,0.09,0.11,0.12,0.12000000000000001,0.37,0.5,0.54,0.39,0.24,0.1,0.04,0.01,0.0,0.0,0.0,0.0,0.0,0.0,0.0,0.0,0.0
194,2023-10-042023-10-052023-10-06,0.0,0.0,0.0,0.0,0.0,0.0,0.0,0.0,0.0,0.03,0.05,0.05,0.06,0.07,0.09,0.09,0.11000000000000001,0.12,0.15,0.38,0.51,0.54,0.39,0.23,0.09,0.03,0.0,0.0,0.0,0.0,0.0,0.0,0.0,0.0,0.0,0.0
195,2023-10-052023-10-062023-10-09,0.0,0.0,0.0,0.0,0.0,0.0,0.0,0.0,0.01,0.03,0.04,0.05,0.06,0.06,0.08,0.09,0.1,0.11,0.19,0.4,0.51,0.53,0.39,0.22000000000000003,0.08,0.03,0.0,0.0,0.0,0.0,0.0,0.0,0.0,0.0,0.0,0.0
196,2023-10-062023-10-092023-10-10,0.0,0.0,0.0,0.0,0.0,0.0,0.0,0.0,0.01,0.03,0.03,0.05,0.06,0.06,0.07,0.09,0.1,0.11000000000000001,0.21000000000000002,0.41000000000000003,0.51,0.52,0.39,0.21000000000000002,0.08,0.03,0.0,0.0,0.0,0.0,0.0,0.0,0.0,0.0,0.0,0.0
197,2023-10-092023-10-102023-10-11,0.0,0.0,0.0,0.0,0.0,0.0,0.0,0.0,0.01,0.02,0.03,0.06,0.06,0.06,0.06,0.09,0.08,0.1,0.21000000000000002,0.42000000000000004,0.52,0.52,0.4,0.22000000000000003,0.09,0.04,0.0,0.0,0.0,0.0,0.0,0.0,0.0,0.0,0.0,0.0
198,2023-10-102023-10-112023-10-12,0.0,0.0,0.0,0.0,0.0,0.0,0.0,0.0,0.0,0.01,0.02,0.05,0.06,0.06,0.06,0.08,0.08,0.09000000000000001,0.18,0.41000000000000003,0.52,0.53,0.41000000000000003,0.24000000000000002,0.11000000000000001,0.06,0.01,0.01,0.0,0.0,0.0,0.0,0.0,0.0,0.0,0.0
199,2023-10-112023-10-122023-10-13,0.0,0.0,0.0,0.0,0.0,0.0,0.0,0.0,0.0,0.0,0.01,0.04,0.05,0.06,0.06,0.07,0.07,0.07,0.18,0.4,0.52,0.53,0.42000000000000004,0.26,0.12,0.08,0.02,0.01,0.0,0.0,0.0,0.0,0.0,0.0,0.0,0.0
200,2023-10-122023-10-132023-10-16,0.0,0.0,0.0,0.0,0.0,0.0,0.0,0.0,0.0,0.0,0.0,0.03,0.05,0.06,0.07,0.06,0.07,0.07,0.19,0.39,0.51,0.52,0.42000000000000004,0.27,0.13,0.09,0.03,0.01,0.0,0.0,0.0,0.0,0.0,0.0,0.0,0.0
201,2023-10-132023-10-162023-10-17,0.0,0.0,0.0,0.0,0.0,0.0,0.0,0.0,0.0,0.0,0.0,0.03,0.05,0.06,0.07,0.07,0.06,0.08,0.19,0.39,0.51,0.51,0.41000000000000003,0.27,0.14,0.09,0.04,0.01,0.0,0.0,0.0,0.0,0.0,0.0,0.0,0.0
202,2023-10-162023-10-172023-10-18,0.0,0.0,0.0,0.0,0.0,0.0,0.0,0.0,0.0,0.0,0.0,0.03,0.06,0.06,0.07,0.08,0.07,0.09,0.17,0.38,0.51,0.51,0.41000000000000003,0.26,0.15000000000000002,0.09,0.04,0.02,0.0,0.0,0.0,0.0,0.0,0.0,0.0,0.0
203,2023-10-172023-10-182023-10-19,0.0,0.0,0.0,0.0,0.0,0.0,0.0,0.0,0.0,0.0,0.0,0.03,0.06,0.06,0.07,0.09,0.08,0.09,0.15000000000000002,0.38,0.51,0.51,0.41000000000000003,0.26,0.15000000000000002,0.09,0.05,0.03,0.0,0.0,0.0,0.0,0.0,0.0,0.0,0.0
204,2023-10-182023-10-192023-10-20,0.0,0.0,0.0,0.0,0.0,0.0,0.0,0.0,0.0,0.0,0.01,0.04,0.06,0.06,0.08,0.09,0.09,0.09,0.17,0.4,0.52,0.51,0.4,0.25,0.14,0.08,0.04,0.02,0.0,0.0,0.0,0.0,0.0,0.0,0.0,0.0
205,2023-10-192023-10-202023-10-23,0.0,0.0,0.0,0.0,0.0,0.0,0.0,0.0,0.0,0.0,0.01,0.05,0.06,0.07,0.09,0.09,0.09,0.09,0.18,0.42000000000000004,0.53,0.51,0.38,0.25,0.13,0.07,0.04,0.01,0.0,0.0,0.0,0.0,0.0,0.0,0.0,0.0
206,2023-10-202023-10-232023-10-24,0.0,0.0,0.0,0.0,0.0,0.0,0.0,0.0,0.0,0.0,0.02,0.06,0.06,0.07,0.09,0.09,0.08,0.08,0.2,0.43000000000000005,0.53,0.5,0.36,0.24,0.12,0.07,0.03,0.0,0.0,0.0,0.0,0.0,0.0,0.0,0.0,0.0
207,2023-10-232023-10-242023-10-25,0.0,0.0,0.0,0.0,0.0,0.0,0.0,0.0,0.0,0.0,0.02,0.06,0.07,0.08,0.09,0.09,0.08,0.08,0.19,0.42000000000000004,0.52,0.49,0.36,0.24,0.12,0.07,0.02,0.0,0.0,0.0,0.0,0.0,0.0,0.0,0.0,0.0
208,2023-10-242023-10-252023-10-26,0.0,0.0,0.0,0.0,0.0,0.0,0.0,0.0,0.01,0.01,0.04,0.06,0.08,0.08,0.09,0.09,0.08,0.07,0.2,0.42000000000000004,0.51,0.48,0.36,0.24,0.11,0.060000000000000005,0.01,0.0,0.0,0.0,0.0,0.0,0.0,0.0,0.0,0.0
209,2023-10-252023-10-262023-10-27,0.0,0.0,0.0,0.0,0.0,0.0,0.0,0.0,0.02,0.02,0.05,0.06,0.09,0.09,0.09,0.09,0.09,0.07,0.21000000000000002,0.42000000000000004,0.51,0.48,0.36,0.23,0.1,0.03,0.0,0.0,0.0,0.0,0.0,0.0,0.0,0.0,0.0,0.0
210,2023-10-262023-10-272023-10-30,0.0,0.0,0.0,0.0,0.0,0.0,0.0,0.0,0.03,0.03,0.06,0.06,0.09,0.09,0.09,0.09,0.08,0.07,0.24000000000000002,0.42000000000000004,0.51,0.47,0.36,0.22000000000000003,0.09,0.01,0.0,0.0,0.0,0.0,0.0,0.0,0.0,0.0,0.0,0.0
211,2023-10-272023-10-302023-10-31,0.0,0.0,0.0,0.0,0.0,0.0,0.0,0.0,0.03,0.03,0.06,0.06,0.09,0.09,0.09,0.09,0.08,0.08,0.26,0.42000000000000004,0.51,0.45999999999999996,0.35,0.21000000000000002,0.09,0.01,0.0,0.0,0.0,0.0,0.0,0.0,0.0,0.0,0.0,0.0
212,2023-10-302023-10-312023-11-01,0.0,0.0,0.0,0.0,0.0,0.0,0.0,0.0,0.03,0.04,0.06,0.06,0.09,0.09,0.09,0.09,0.08,0.09,0.27,0.43000000000000005,0.51,0.44999999999999996,0.33999999999999997,0.21000000000000002,0.08,0.01,0.0,0.0,0.0,0.0,0.0,0.0,0.0,0.0,0.0,0.0
213,2023-10-312023-11-012023-11-02,0.0,0.0,0.0,0.0,0.0,0.0,0.0,0.0,0.03,0.05,0.06,0.06,0.09,0.09,0.09,0.09,0.09,0.09,0.27,0.44000000000000006,0.51,0.44999999999999996,0.33,0.21000000000000002,0.08,0.01,0.0,0.0,0.0,0.0,0.0,0.0,0.0,0.0,0.0,0.0
214,2023-11-012023-11-022023-11-03,0.0,0.0,0.0,0.0,0.0,0.0,0.0,0.0,0.03,0.06,0.06,0.06,0.09,0.09,0.09,0.09,0.09,0.09,0.26,0.44999999999999996,0.52,0.44999999999999996,0.33,0.21000000000000002,0.08,0.0,0.0,0.0,0.0,0.0,0.0,0.0,0.0,0.0,0.0,0.0
215,2023-11-022023-11-032023-11-06,0.0,0.0,0.0,0.0,0.0,0.0,0.0,0.0,0.03,0.06,0.06,0.06,0.09,0.09,0.09,0.09,0.09,0.09,0.25,0.44999999999999996,0.52,0.44999999999999996,0.33,0.21000000000000002,0.09,0.0,0.0,0.0,0.0,0.0,0.0,0.0,0.0,0.0,0.0,0.0
216,2023-11-032023-11-062023-11-07,0.0,0.0,0.0,0.0,0.0,0.0,0.0,0.0,0.03,0.06,0.05,0.06,0.08,0.09,0.09,0.09,0.09,0.09,0.25,0.45999999999999996,0.53,0.44999999999999996,0.33,0.21000000000000002,0.09,0.0,0.0,0.0,0.0,0.0,0.0,0.0,0.0,0.0,0.0,0.0
217,2023-11-062023-11-072023-11-08,0.0,0.0,0.0,0.0,0.0,0.0,0.0,0.0,0.03,0.05,0.05,0.06,0.07,0.09,0.09,0.09,0.09,0.08,0.25,0.47,0.53,0.44999999999999996,0.33999999999999997,0.21000000000000002,0.09,0.0,0.0,0.0,0.0,0.0,0.0,0.0,0.0,0.0,0.0,0.0
218,2023-11-072023-11-082023-11-09,0.0,0.0,0.0,0.0,0.0,0.0,0.0,0.0,0.03,0.04,0.05,0.06,0.07,0.09,0.09,0.09,0.09,0.08,0.25,0.47,0.53,0.44999999999999996,0.35,0.21000000000000002,0.09,0.0,0.0,0.0,0.0,0.0,0.0,0.0,0.0,0.0,0.0,0.0
219,2023-11-082023-11-092023-11-10,0.0,0.0,0.0,0.0,0.0,0.0,0.0,0.0,0.03,0.03,0.06,0.06,0.07,0.09,0.09,0.09,0.09,0.08,0.24,0.45999999999999996,0.53,0.44999999999999996,0.36,0.21000000000000002,0.09,0.01,0.0,0.0,0.0,0.0,0.0,0.0,0.0,0.0,0.0,0.0
220,2023-11-092023-11-102023-11-13,0.0,0.0,0.0,0.0,0.0,0.0,0.0,0.0,0.02,0.03,0.06,0.06,0.08,0.09,0.09,0.09,0.09,0.09,0.23,0.44999999999999996,0.53,0.45999999999999996,0.36,0.21000000000000002,0.09,0.02,0.0,0.0,0.0,0.0,0.0,0.0,0.0,0.0,0.0,0.0
221,2023-11-102023-11-132023-11-14,0.0,0.0,0.0,0.0,0.0,0.0,0.0,0.0,0.02,0.03,0.06,0.06,0.07,0.09,0.09,0.09,0.09,0.08,0.23000000000000004,0.45999999999999996,0.54,0.45999999999999996,0.35,0.21000000000000002,0.09,0.03,0.0,0.0,0.0,0.0,0.0,0.0,0.0,0.0,0.0,0.0
222,2023-11-132023-11-142023-11-15,0.0,0.0,0.0,0.0,0.0,0.0,0.0,0.0,0.02,0.03,0.05,0.06,0.07,0.09,0.09,0.09,0.09,0.08,0.23000000000000004,0.47,0.53,0.45999999999999996,0.33999999999999997,0.21000000000000002,0.09,0.03,0.0,0.0,0.0,0.0,0.0,0.0,0.0,0.0,0.0,0.0
223,2023-11-142023-11-152023-11-16,0.0,0.0,0.0,0.0,0.0,0.0,0.0,0.0,0.03,0.03,0.05,0.06,0.07,0.09,0.09,0.09,0.09,0.08,0.25,0.48,0.53,0.44999999999999996,0.33,0.21000000000000002,0.09,0.03,0.0,0.0,0.0,0.0,0.0,0.0,0.0,0.0,0.0,0.0
224,2023-11-152023-11-162023-11-17,0.0,0.0,0.0,0.0,0.0,0.0,0.0,0.0,0.03,0.04,0.05,0.06,0.07,0.09,0.09,0.09,0.09,0.09,0.24,0.48,0.53,0.44999999999999996,0.33,0.21000000000000002,0.09,0.03,0.0,0.0,0.0,0.0,0.0,0.0,0.0,0.0,0.0,0.0
225,2023-11-162023-11-172023-11-20,0.0,0.0,0.0,0.0,0.0,0.0,0.0,0.0,0.03,0.04,0.06,0.06,0.08,0.08,0.09,0.08,0.09,0.08,0.23,0.48,0.54,0.44999999999999996,0.33999999999999997,0.22000000000000003,0.1,0.03,0.0,0.0,0.0,0.0,0.0,0.0,0.0,0.0,0.0,0.0
226,2023-11-172023-11-202023-11-21,0.0,0.0,0.0,0.0,0.0,0.0,0.0,0.0,0.03,0.04,0.06,0.06,0.07,0.08,0.08,0.07,0.09,0.07,0.21000000000000002,0.47,0.54,0.44999999999999996,0.35,0.23000000000000004,0.11000000000000001,0.03,0.0,0.0,0.0,0.0,0.0,0.0,0.0,0.0,0.0,0.0
227,2023-11-202023-11-212023-11-22,0.0,0.0,0.0,0.0,0.0,0.0,0.0,0.0,0.03,0.03,0.06,0.06,0.08,0.07,0.08,0.07,0.09,0.07,0.2,0.45999999999999996,0.54,0.45999999999999996,0.36,0.24,0.12,0.03,0.0,0.0,0.0,0.0,0.0,0.0,0.0,0.0,0.0,0.0
228,2023-11-212023-11-222023-11-23,0.0,0.0,0.0,0.0,0.0,0.0,0.0,0.0,0.02,0.03,0.06,0.06,0.07,0.07,0.08,0.08,0.09,0.08,0.19,0.44,0.53,0.47,0.36,0.24,0.13,0.04,0.0,0.0,0.0,0.0,0.0,0.0,0.0,0.0,0.0,0.0
229,2023-11-222023-11-232023-11-24,0.0,0.0,0.0,0.0,0.0,0.0,0.0,0.0,0.01,0.03,0.05,0.06,0.07,0.06,0.09,0.09,0.09,0.09,0.18,0.43000000000000005,0.52,0.48,0.36,0.24,0.14,0.05,0.0,0.0,0.0,0.0,0.0,0.0,0.0,0.0,0.0,0.0
230,2023-11-232023-11-242023-11-27,0.0,0.0,0.0,0.0,0.0,0.0,0.0,0.0,0.0,0.03,0.05,0.06,0.06,0.06,0.08,0.09,0.09,0.09,0.19,0.43000000000000005,0.51,0.48,0.36,0.24,0.14,0.05,0.0,0.0,0.0,0.0,0.0,0.0,0.0,0.0,0.0,0.0
231,2023-11-242023-11-272023-11-28,0.0,0.0,0.0,0.0,0.0,0.0,0.0,0.0,0.01,0.03,0.04,0.06,0.06,0.06,0.07,0.09,0.09,0.09,0.21000000000000002,0.45000000000000007,0.52,0.47,0.36,0.24,0.13,0.04,0.0,0.0,0.0,0.0,0.0,0.0,0.0,0.0,0.0,0.0
232,2023-11-272023-11-282023-11-29,0.0,0.0,0.0,0.0,0.0,0.0,0.0,0.0,0.02,0.03,0.05,0.06,0.06,0.06,0.06,0.09,0.09,0.08,0.24000000000000002,0.48,0.53,0.45,0.35,0.23,0.11,0.03,0.0,0.0,0.0,0.0,0.0,0.0,0.0,0.0,0.0,0.0
233,2023-11-282023-11-292023-11-30,0.0,0.0,0.0,0.0,0.0,0.0,0.0,0.0,0.03,0.03,0.05,0.06,0.06,0.06,0.06,0.09,0.08,0.07,0.27,0.5,0.54,0.44000000000000006,0.33999999999999997,0.22000000000000003,0.1,0.02,0.0,0.0,0.0,0.0,0.0,0.0,0.0,0.0,0.0,0.0
